city,city_en,city_pop,city_lat,city_lon,cumulative_detainees,cumulative_detainees_per_1000000
Александров,Alexandrov,57073,56.3947309,38.712037,1,17.521419935871602
Анапа,NA,NA,NA,NA,1,NA
Апатиты,Apatity,53847,67.56711,33.39107,3,55.71341021783943
Арск,ARSK,NA,56.09103,49.88021,1,NA
Архангельск,Arkhangelsk,344927,64.54585,40.55058,27,78.27743261617675
Астрахань,Astrakhan,524371,46.3586,48.05695,6,11.442280370195911
Балаково,NA,NA,NA,NA,1,NA
Барнаул,Barnaul,631124,53.34975,83.78357,9,14.260272149371596
Белгород,Belgorod,391702,50.59971,36.59826,9,22.97665061705072
Брянск,Bryansk,399579,53.26353,34.41611,2,5.005268044616959
Великие Луки,Great Luki,NA,56.33961,30.53148,1,NA
Великий Новгород,Velikiy Novgorod,225019,58.52557,31.27419,14,62.21696834489532
Владивосток,Vladivostok,600871,43.13325,131.9113,33,54.92027406881011
Владикавказ,NA,NA,NA,NA,1,NA
Владимир,Vladimir,352347,56.1428,40.38958,18,51.08600328653288
Волгоград,Volgograd,1004763,48.70805,44.5133,59,58.72031513899298
Вологда,Vologda,308530,59.21807,39.89781,4,12.964703594464071
Воронеж,Voronezh,1050602,51.66835,39.19193,45,42.83258550811821
Георгиевск,NA,NA,NA,NA,1,NA
Гусь-Хрустальный,NA,NA,NA,NA,1,NA
Джанкой,Janka,NA,45.70899,34.38748,1,NA
Дзержинский,NA,NA,NA,NA,1,NA
Домодедово,Domodedovo,135070,55.44302,37.74782,1,7.403568520026653
Дубна,Dubna,74499,56.73202,37.1669,10,134.2299896642908
Екатеринбург,Yekaterinburg,1495066,56.8431,60.64541,248,165.87896454069588
Ефремов,NA,NA,NA,NA,1,NA
Железногорск-Илимский,Zheleznogorsk-Ilimsky,NA,56.58376,104.1149,2,NA
Жуковский,Zhukovsky,107558,55.59749,38.11326,1,9.2973093586716
ЗАТО г. Железногорск Красноярский край,But Zheleznogorsk Krasnoyarsk Territory,NA,56.26026,93.53563,1,NA
Заречный,NA,NA,NA,NA,1,NA
Звенигород,NA,NA,NA,NA,2,NA
Иваново,Ivanovo,401505,57.00507,40.97665,28,69.73761223396968
Ижевск,Izhevsk,646468,56.86186,53.23243,3,4.6406009268826915
Иланский,NA,NA,NA,NA,1,NA
Иркутск,Irkutsk,617515,52.28548,104.289,82,132.79029659198562
Истра,Istra,NA,55.91418,36.85967,3,NA
Йошкар-Ола,Yoshkar-Ola,276155,56.6418,47.88958,1,3.621154786261339
Казань,Kazan,1257341,55.78789,49.12333,126,100.21147803181475
Калининград,Kaliningrad,493256,54.71043,20.45221,52,105.42193100540085
Калуга,Kaluga,331842,54.51359,36.26368,12,36.16178783879075
Кемерово,Kemerovo,552546,55.34433,86.06209,5,9.049020353056576
Кимры,NA,NA,NA,NA,1,NA
Киров,Kirov,521091,58.603,49.66794,5,9.595253036417823
Коломна,Kolomna,138693,55.09375,38.76886,1,7.210169222671656
Колпино,Kolpino,NA,59.76176,30.5789,1,NA
Комсомольск-на-Амуре,NA,NA,NA,NA,1,NA
Кострома,Kostroma,277393,57.76771,40.92626,10,36.0499363718623
Краснодар,Krasnodar,948827,45.03604,38.97457,129,135.95734522731752
Красное Село,NA,NA,NA,NA,1,NA
Красноярск,Krasnoyarsk,1092851,56.01528,92.89325,74,67.71279890854288
Курган,Kurgan,309285,55.45905,65.34932,10,32.33263818161243
Курск,Kursk,450977,51.74824,36.1947,3,6.652223949336663
Липецк,NA,NA,NA,NA,9,NA
Лодейное Поле,Lodeynoye Field,NA,60.73431,33.54313,1,NA
Лыткарино,Lytkarino,59937,55.57954,37.91204,2,33.3683701219614
Люберцы,Lyubertsy,208397,55.68081,37.88873,3,14.395600704424728
Магнитогорск,Magnitogorsk,413251,53.39272,59.06231,4,9.679347418397052
Махачкала,Makhachkala,604266,42.97779,47.51469,1,1.654900325353404
Мегион,Megion,NA,61.02862,76.11052,1,NA
Миасс,NA,NA,NA,NA,4,NA
Москва,Moscow,12655050,55.75583,37.6173,6199,489.84397533000663
Мурино,Murino,78184,60.04536,30.44899,5,63.951703673385865
Мурманск,Murmansk,282851,68.97331,33.08558,5,17.677151574503892
Мытищи,NA,NA,NA,NA,1,NA
Набережные Челны,Naberezhnye Chelny,532074,55.73057,52.38929,7,13.156064757909613
Нальчик,Nalchik,239054,43.4846,43.60701,2,8.36631054071465
Нижний Новгород,Nizhny Novgorod,1244254,56.32687,44.00588,182,146.27238489890328
Нижний Тагил,Nizhny Tagil,344656,57.92149,59.98162,1,2.901443758414187
Новозыбков,NA,NA,NA,NA,1,NA
Новокузнецк,NA,NA,NA,NA,1,NA
Новороссийск,Novorossiysk,275795,44.71805,37.77701,1,3.625881542450008
Новосибирск,Novosibirsk,1620162,54.98327,82.89638,365,225.28611336397222
Новочеркасск,Novocherkassk,166312,47.41484,40.10847,1,6.0127952282457064
Обнинск,Obninsk,116179,55.11704,36.59708,2,17.214815069849113
Одинцово,Odintsovo,135867,55.67337,37.28186,3,22.08041687827066
Омск,Omsk,1139897,54.99135,73.36452,47,41.231795504330655
Орёл,NA,NA,NA,NA,3,NA
Отрадное,NA,NA,NA,NA,1,NA
Пенза,Penza,516450,53.227290000000004,45,1,1.936295866008326
Первоуральск,Pervouralsk,119365,56.9047,59.94302,1,8.377665144724165
Переславль-Залесский,Pereslavl-Zalessky,NA,56.74705,38.89026,1,NA
Пермь,Perm,1049199,58.00917,56.22697,124,118.18539666926864
Петергоф,Peterhof,NA,59.8845,29.88518,4,NA
Петрозаводск,Petrozavodsk,280711,61.77816,34.36404,16,56.998122624336055
Петропавловск-Камчатский,NA,NA,NA,NA,1,NA
Подольск,Podolsk,309250,55.43125,37.54576,1,3.2336297493936943
Полярные Зори,Polar dawns,NA,67.3744,32.48895,1,NA
Пушкино,NA,NA,NA,NA,1,NA
Ростов-на-Дону,Rostov-on-Don,1137704,47.23571,39.70151,89,78.22772882929128
Рыбинск,NA,NA,NA,NA,1,NA
Рязань,Ryazan,534801,54.60954,39.71259,23,43.00665107208101
Самара,Samara,1144759,53.20377,50.16064,60,52.412778584837504
Санкт-Петербург,St. Petersburg,5384342,59.93106,30.36091,3444,639.6324750545192
Саранск,NA,NA,NA,NA,3,NA
Саратов,Saratov,830155,51.54618,46.01541,47,56.615933169106974
Северодвинск,NA,NA,NA,NA,1,NA
Серпухов,Serpukhov,125473,54.91796,37.423,2,15.939684234855306
Сестрорецк,Sestroretsk,NA,60.10145,29.95736,2,NA
Сибай,Sibay,60017,52.71336,58.66814,1,16.661945782028425
Симферополь,Simferopol,336212,61.52401,105.3188,9,26.76882443220349
Смоленск,Smolensk,320170,54.79031,32.05037,1,3.1233407252397165
Соликамск,NA,NA,NA,NA,1,NA
Сочи,Sochi,432322,43.60281,39.73415,17,39.32254199416176
Ставрополь,Stavropol,454488,45.03901,41.9632,6,13.201668690922533
Струнино,String,NA,56.3745612,38.5844632,1,NA
Ступино,NA,NA,NA,NA,2,NA
Сургут,Surgut,387235,61.25458,73.39617,1,2.5824111973349515
Сыктывкар,Syktyvkar,243926,61.66411,50.81688,7,28.697227847789904
Таганрог,NA,NA,NA,NA,4,NA
Тамбов,Tambov,289701,52.73711,41.43961,3,10.355504468400179
Таруса,Tarusa,NA,54.72278,37.16478,1,NA
Тверь,Tver,424969,56.85872,35.9176,29,68.24027164334339
Томск,Tomsk,568508,56.48843,84.94805,26,45.733745171571904
Троицк (Москва),NA,NA,NA,NA,12,NA
Туймазы,Tuymase,NA,54.6003824,53.6947066,1,NA
Тула,Tula,467955,54.20484,37.61849,1,2.1369576134457375
Тюмень,Tyumen,816700,57.15534,65.56186,36,44.079833476184646
Улан-Удэ,Ulan-Ude,437514,51.83359,107.584,9,20.57077030677875
Ульяновск,Ulyanovsk,625462,54.31866,48.39778,8,12.790545228966748
Уфа,Ufa,1125933,54.73479,55.95786,73,64.83511896356178
Феодосия,Feodosia,67750,45.031933,35.382433,1,14.760147601476016
Хабаровск,Khabarovsk,610305,48.48144,135.0721,15,24.577874996927765
Химки,Khimki,257757,55.89406,37.44395,1,3.8796230558238958
Чапаевск,Chapaevsk,NA,52.96967,49.70673,1,NA
Чебоксары,Cheboksary,495810,56.11677,47.26278,3,6.05070490712168
Челябинск,Chelyabinsk,1187960,55.16444,61.43684,101,85.01969763291693
Чита,NA,NA,NA,NA,1,NA
Югорск,NA,NA,NA,NA,1,NA
Южно-Сахалинск,Yuzhno-Sakhalinsk,200235,46.96409,142.7285,2,9.988263790046696
Якутск,Yakutsk,330615,62.03969,129.7422,1,3.024666152473421
Ялта,Yalta,78171,44.49095,34.15327,1,12.792467794962327
Ярославль,Yaroslavl,601403,57.62607,39.88447,49,81.47614827328762
